No matter what I do Ubuntu 15.04 does not recognize HP LaserJet 1020	Setup Printer
How to Install Brother DCP-8110DN Laser Printer on Ubuntu?	Setup Printer
Any command line calculator for Ubuntu?	Software Recommendation
Is there a Document scanning and archiving software?	None
How can I make shutdown not require admin password?	Shutdown Computer
Tool for recovering deleted data from a flash drive	Software Recommendation
Cannot install printer driver epson l210	Setup Printer
What Is The Best HDR Software?	Software Recommendation
Upgrading from 10.10 to 11.04 how much space is needed?	Make Update
Is there an SSH connection manager?	Software Recommendation
How to troubleshoot slow shutdown?	Shutdown Computer
What IDEs are available for Ubuntu?	Software Recommendation
Ho do I update to 13.04 from the beta?	Make Update
Software to read a QR code?	Software Recommendation
Is there a software utility to adjust screen gamma/brightness/contrast?	Software Recommendation
Is there any program for fuzzy string matching which provides a match score?	Software Recommendation
Is there any software that will do face recognition in photos?	Software Recommendation
Is there an upgrade procedure from 12.04 LTS to 14.04 LTS	Make Update
Is it worth upgrading from 12.04 LTS to 13.04	Make Update
Upgrading 16.04 to 16.04.1	Make Update
How to setup HP printer/scanner on ubuntu?	Setup Printer
"What's a simple ""colour picker"" app for GNOME?"	Software Recommendation
Which is the best PDF metadata viewer for Ubuntu?	Software Recommendation
How do I shut down without the confirmation prompt?	Shutdown Computer
What are some good PHP editors?	Software Recommendation
Upgrading from Ubuntu 14.04 to 15.04	Make Update
how to upgrade from ubuntu 15.04 to 15.10?	Make Update
Why did the upgrade from 11.10 to 12.04 ruin my system?	Make Update
Is there a Linux file manager with a proper drop-down tree view? (like finder in OS X)	Software Recommendation
Is there an application for reading mobi files?	Software Recommendation
Using 12.04 can I compile packages with gcc for 10.04?	Make Update
What is a good MongoDB GUI client?	Software Recommendation
What graphical utility can I use for Ubuntu auto shutdown?	Shutdown Computer
A light alternative to gnome-system-monitor?	Software Recommendation
How do I update Xubuntu 11.10 to Xubuntu 12.04 LTS?	Make Update
Ubuntu Shut down app	Shutdown Computer
Cannot setup HP All in one DJ3630	Setup Printer
UPNP / DLNA (client) player recommendations?	Software Recommendation
What scientific plotting software is available?	Software Recommendation
Problem upgrading Ubuntu 9.10	Make Update
Force upgrade 12.10 to 13.04	Make Update
Security enhancements prevent mounting /dev/sdb1	None
Is there LAN topology mapping software available in Ubuntu?	Software Recommendation
Doubts regarding the 15.04 upgrade (is it inevitable and unavoidable?)	Make Update
How do I fix a shutdown problem?	Shutdown Computer
Shutdown after a certain time	Shutdown Computer
What do you use to edit Microsoft Word documents (docx)?	Software Recommendation
How to upgrade from 14.04 LTS or 15.10 to 16.04 from terminal	Make Update
Software to create a video slideshow?	Software Recommendation
How to add a network printer on Ubuntu 15.10?	Setup Printer
No action when shutdown pressed	Shutdown Computer
How can i upgrade to Ubuntu 14.04 final from 14.04 Beta correctly?	Make Update
In Unity how do I see the details of a given launcher?	Software Recommendation
Can you recommend a password generator?	Software Recommendation
How do I install drivers for a Konica Minolta 200?	Setup Printer
What screenshot tools are available?	Software Recommendation
How to shutdown the computer after Xsession ends?	Shutdown Computer
Please recommend a hex editor for shell	Software Recommendation
Is there a project management software for Ubuntu like Microsoft Project?	Software Recommendation
Ubuntu upgrade failed	Make Update
What's the best Wireframing tool?	Software Recommendation
Torrent client for the command-line?	None
What are some good ASCII art generators?	Software Recommendation
How do I upgrade to the release version of 16.04 if I am running Beta?	Make Update
How to setup wireless printing from a printer connected via usb on Ubuntu Server 12.10?	Setup Printer
How to Upgrade from 11.10 to 12.04 when you've got a problem?	Make Update
How to upgrade Ubuntu 12.04 to 14.04 if I have dual boot with windows 7?	Make Update
Which application do you recommend for watching TV (DVB)?	Software Recommendation
How to upgrade Ubuntu 9.10 to 12.10 via terminal?	Make Update
How is rm command different from the delete button?	None
shutdown in specific way if no-one uses computer	Shutdown Computer
My system doesn't go shutdown	Shutdown Computer
How do I install drivers for the Panasonic MB1900CX All-in-One Printer/Scanner?	Setup Printer
What to use to quickly cut Audio/Video	Software Recommendation
Problems upgrading Ubuntu 12.10 to 13.04	Make Update
How can I install a Pantum 2502W laser printer on Ubuntu	Setup Printer
Upgrade from 9.10 to 11.04	Make Update
what is the right way to shutdown ubuntu using the command line?	Shutdown Computer
How can I highlight or annotate PDFs?	None
Shutdown problem in Ubuntu 16.04	Shutdown Computer
Upgrading from 10.04 to 11.10	Make Update
Do I need to reinstall everything to upgrade from 13.10 to 14.10?	Make Update
How do I setup my HP C4140 printer wirelessly?	Setup Printer
Cannot upgrade from 12.04LTS to 14.04	Make Update
How Do I Install Canon MF8000C Printer in Ubuntu 15.10?	Setup Printer
Is there a tool like wifi analyzer for ubuntu?	Software Recommendation
What is the proper terminal-way to shutdown?	Shutdown Computer
How do I install the HP F4280 printer?	Setup Printer
Do I need to uninstall 10.04 to upgrade to 12.04?	Make Update
Upgrade to 12.04 64 bit	Make Update
What does my computer do when I click 'Shut Down'?	Shutdown Computer
Extracting embedded images from a PDF	Software Recommendation
Problems upgrading from 12.04 to 14.04	Make Update
shutdown 5:30pm every day	Shutdown Computer
Is there a lightweight tool to crop images quickly?	Software Recommendation
MySQL GUI Tools	Software Recommendation
